Uniprot_ID	PDB_ID	Chain	Trp_number	Ligand	Angle_manual	Angle_automatic	Highest_specificity	Reference
ASHH2_ARATH	2L7P	A	28,37	Unbound	65.9	64.9	H3K4me1	[9,23,24]
ASHH2_ARATH	6QXZ	A	865,874	H3K4me1	94.4	94.3	H3K4me1	[9,23,24]
ASHH2_ARATH	5YVX	A	865,874	H3K4me1	113	112.6	H3K4me1	[9,23,24]
MORC3_HUMAN	4QQ4	A,B	410,419	H3K4	99.6	99.7	H3K4me3	[10,15]
MORC3_HUMAN	5SVY	A	410,419	H3K4me1	99.1	98.1	H3K4me3	[10,15]
MORC3_HUMAN	5SVX	A	4,13	H3K4me3	100.5	100.1	H3K4me3	[10,15]
MORC3_MOUSE	5IX2	A,B	410,419	H3K4	78	76.8	H3K4me3	[11]
MORC3_MOUSE	5IX1	A,B	410,419	H3K4me3	89.9	88.6	H3K4me3	[11]
ZCWPW1_HUMAN	2E61	A	18,29	Unbound	104.1	104.3	H3K4me3	[8]
ZCWPW1_HUMAN	2RR4	A	256,267	H3K4me3	107.6	105.7	H3K4me3	[8]
ZCWPW2_HUMAN	4O62	A,B,C	30,41	H3K4me3	113.2	111.2	H3K4me3	[15]
